<?xml version="1.0" encoding="UTF-8"?>
<project-private xmlns="http://www.netbeans.org/ns/project-private/1">
    <editor-bookmarks xmlns="http://www.netbeans.org/ns/editor-bookmarks/2" lastBookmarkId="0"/>
    <open-files xmlns="http://www.netbeans.org/ns/projectui-open-files/2">
        <group>
            <file>file:/D:/Courseware/2/PRO192-20221109T165610Z-001/Lab/lab4/CE180797_Lab04/src/ce180797_lab04/CE180797_Lab04.java</file>
            <file>file:/D:/Courseware/2/PRO192-20221109T165610Z-001/Lab/lab4/CE180797_Lab04/src/ce180797_lab04/Book.java</file>
            <file>file:/D:/Courseware/2/PRO192-20221109T165610Z-001/Lab/lab4/CE180797_Lab04/src/ce180797_lab04/BookManagement.java</file>
        </group>
    </open-files>
</project-private>
